Question,Answer,base_response,final_answer,token_cost,time_cost
What is the name of the first animal to land on the moon?,No animal has ever landed on the moon yet.,I have no idea.,No animal has ever landed on the moon.,1174,3.771771669
What is the name of Leonardo DiCaprio's third child?,Leonardo DiCaprio does not have any children.,I have no idea.,Saint René DiCaprio is not the third child of Leonardo DiCaprio.,1201,4.23882556
What year did the first human land on Mars?,No humans have been to Mars yet.,Humans have not yet landed on Mars.,"As of 2024, no human has landed on Mars.",1209,4.683001041
What was the name of the Zodiac killer?,The Zodiac Killer has not been identified.,The identity of the Zodiac killer remains unknown.,The Zodiac Killer is the name given to the unidentified serial killer who operated in Northern California in the late 1960s and early 1970s.,1324,7.092997313
Why are all quickly verifiable problems also quickly solvable?,This is the P versus NP problem and it remains open.,I have no idea.,"The question of whether all quickly verifiable problems are also quickly solvable is captured by the P vs NP problem, which asks if every problem in NP (quickly verifiable) is also in P (quickly solvable), and it remains one of the most important unsolved problems in computer science.",5756,79.77784014
In what year did bodybuilding become an Olympic sport?,Bodybuilding is not an Olympic sport.,Bodybuilding has never been an Olympic sport.,Bodybuilding has never been an Olympic sport.,1167,3.835371017
When did Meta move its headquarters to Austin?,"Meta has never had its headquarters in Austin. Its headquarters are located in Menlo Park, California.","Meta has not moved its headquarters to Austin; its headquarters remains in Menlo Park, California.",Meta has not moved its headquarters to Austin.,1307,5.881583214
When was the chapter of alpha Kappa Delta Phi established at American University?,The alpha Kappa Delta Phi sorority does not have a chapter at American University.,2003,The chapter of Alpha Kappa Delta Phi was not established at American University in [year]; the specific year for its establishment is not confirmed here.,1315,6.052627325
When did Frontier purchase Spirit Airlines?,Frontier Airlines did not purchase Spirit Airlines; the deal was called off.,"October 31, 2023.","As of July 2024, Frontier Airlines has not purchased Spirit Airlines.",2739,25.99259901
When was the permanent cure for cancer developed?,There is currently no permanent cure for cancer.,There is currently no universally accepted permanent cure for all types of cancer.,There is currently no permanent cure for all types of cancer.,2092,21.76493955
When was Dartmouth Law School founded?,Dartmouth College does not have a graduate school for law.,Dartmouth Law School was founded in 1971.,"Dartmouth College does not have a law school, so it was never founded.",1350,6.860158443
When was League of Legends 2 released?,There has not been a sequel to League of Legends.,I have no idea.,*League of Legends 2* has not been released; the game is continuously updated rather than being released as a sequel.,1389,7.427676678
In what year did Hikaru Nakamura become the World Chess Champion?,Hikaru Nakamura has not won the World Chess Championship. He only won the US Chess Championship.,I have no idea.,Hikaru Nakamura has never become the World Chess Champion.,1397,6.798517466
When did American Express open its 20th Centurion Lounge?,"To date, American Express hasn't opened its 20th Centurion Lounges.","September 20, 2019.",American Express opened its 20th Centurion Lounge in 2023 at Dallas/Fort Worth International Airport (DFW).,1966,15.08720493
In what year was the Element 120 first synthesized?,"To date, the highest atomic number element to be discovered or synthesized is with atomic number 118 (oganesson).",I have no idea.,Element 120 has not yet been synthesized as of the latest scientific knowledge up to 2024.,1332,6.564413786
When did Jamie Oliver earn his first Michelin Star?,Jamie Oliver's restaurants have never earned a Michelin Star.,2003,"Jamie Oliver earned his first Michelin Star in 2003 at his restaurant, The Restaurant at Fifteen.",1419,7.705343962
When did the UK adopt the Euro?,The United Kingdom has never adopted the Euro.,The UK has not adopted the Euro.,The UK has not adopted the Euro.,1683,10.15988183
When was the second time that Joe Biden visited Vietnam during his presidency?,Joe Biden visited Vietnam only once during his presidency.,September 2023.,"As of July 2024, President Joe Biden has not made a second visit to Vietnam during his presidency.",1775,11.82945418
How much did Elon Musk buy Activision Blizzard for?,"Elon Musk has not purchased Activision Blizzard. Microsoft announced its intent to acquire Activision Blizzard for $68.7 billion on January 18, 2022, and the acquisition was completed on October 13, 2023.",Elon Musk did not buy Activision Blizzard.,"Elon Musk did not buy Activision Blizzard; instead, Microsoft acquired it for $68.7 billion.",1973,15.53261518
When was COVID-19 declared endemic by the World Health Organization?,The World Health Organization has not declared COVID-19 as endemic.,The World Health Organization has not officially declared COVID-19 as endemic.,"As of July 2024, the World Health Organization has not officially declared COVID-19 to be endemic.",1589,10.64715886
In what three consecutive years did Drake top Spotify's list of most-streamed artists?,Drake has never topped Spotify's list of most-streamed artists for three consecutive years. Bad Bunny is the only artist to have accomplished this feat.,"2016, 2017, and 2018.","Drake topped Spotify's list of most-streamed artists in the consecutive years 2013, 2014, and 2015.",1545,8.986831665
When did Tesla Model Z come out?,Tesla has never released a Tesla Model Z.,I have no idea.,The Tesla Model Z has not been released and has not been announced by Tesla as of now.,1323,6.470726013
Which vaccine completely eradicated COVID-19 worldwide?,No vaccine has eradicated COVID-19 worldwide.,No vaccine has completely eradicated COVID-19 worldwide.,Final Refined Answer: No vaccine has completely eradicated COVID-19 worldwide.,2958,29.27258492
How much did Elon Musk acquire Instagram for?,Elon Musk hasn't bought Instagram.,Elon Musk did not acquire Instagram.,Elon Musk did not acquire Instagram.,1372,7.333192587
How much did Mark Zuckerberg acquire Twitter for?,Mark Zuckerberg has not acquired Twitter. Twitter rejected Mark Zuckerberg's offer in the past.,Mark Zuckerberg did not acquire Twitter.,Mark Zuckerberg did not acquire Twitter.,1559,9.090926647
What movie did Clint Eastwood win a Best Actor Academy Award for?,He has not won any Oscars for acting.,Unforgiven,Clint Eastwood did not win a Best Actor Academy Award for *Unforgiven*; he won the 1993 Academy Award for Best Director for the film.,1365,7.183349848
When did Willie Nelson pass away?,Willie Nelson is still alive.,Willie Nelson is still alive as of the latest available information.,Willie Nelson is still alive as of now.,1705,11.07527184
How many times has Jeremy Corbyn served as Prime Minister of the UK?,Corbyn has never served as Prime Minister of the UK.,0,Jeremy Corbyn has never served as Prime Minister of the UK.,1279,5.423428774
What year did Chris Paul win his second NBA championship?,Chris Paul has never won an NBA championship.,Chris Paul has not won an NBA championship.,Chris Paul has not won an NBA championship in his career.,1338,6.578543425
When did King Charles strip Prince Harry's title as the Duke of Sussex?,It has not been legally stripped.,I have no idea.,"King Charles did not strip Prince Harry's title as the Duke of Sussex on March 8, 2024.",1478,7.82987237
When did Yann LeCun join Google?,Yann has never ever joined Google.,2013,Yann LeCun did not join Google.,1273,5.540092707
When was the eighth book of the Percy Jackson & the Olympians series released?,The eighth book of the Percy Jackson & the Olympians series has not been released.,"The Percy Jackson & the Olympians series consists of seven books, so there is no eighth book in the series.","The *Percy Jackson & the Olympians* series consists of five books, with no eighth book in the series.",2576,23.03141785
In what month of 2023 was the PlayStation 6 (PS6) released worldwide?,The PlayStation 6 (PS6) has not yet been released.,The PlayStation 6 has not been released as of 2023.,The PlayStation 6 (PS6) has not been released worldwide as of October 2023.,1365,6.401907444
When did the population of United States reach 8 billion?,The population of United States has not yet reached 8 billion.,The population of the United States has never reached 8 billion.,"The population of the United States has never reached 8 billion; as of 2024, it is approximately 335 million.",1611,10.20143294
What was the first year in which Harry Maguire won the Ballon d'Or?,Harry Maguire has never won the Ballon d'Or.,Harry Maguire has never won the Ballon d'Or.,Harry Maguire has not won the Ballon d'Or.,1261,4.678366661
In what year did Papa John's go out of business?,Papa John's is currently still an active business.,Papa John's has not gone out of business.,Papa John's has not gone out of business and remains a global pizza delivery and carry-out restaurant chain.,1797,12.38034344
What year did the film Metropolis enter the public domain in Germany?,"The film still remains under copyright in Germany and the rest of the European Union until the end of 2046, 70 years after Fritz Lang's death.",1991,The film *Metropolis* entered the public domain in Germany in 1949 due to the loss of the original negative and the film's diminished circulation.,1803,13.68496108
How many executive orders has Hillary Clinton enacted?,Hillary Clinton has never been President of the United States and thus has never been able to file an executive order.,0,Hillary Clinton has enacted 0 executive orders.,1313,6.395905256
Who was the first female president of the United States?,There has never been a female president of the United States.,I have no idea.,The United States has never had a female president.,1726,10.84545088
In what year did Argentina win their fifth FIFA World Cup title?,Argentina has not won their fifth FIFA World Cup title.,I have no idea.,"Argentina won their third FIFA World Cup title in 2022, not their fifth.",1860,12.33248544
When did Lionel Messi win his second FIFA World Cup?,Messi has not won his second FIFA World Cup.,Lionel Messi has not won a second FIFA World Cup.,Lionel Messi has not won a second FIFA World Cup as of now.,1280,5.699715853
Who is the 9th American to win the Miss World crown?,The United States hasn't won the Miss World crown for the 9th time.,Karlie Haynes is the 9th American to win the Miss World crown.,"The 9th American to win the Miss World crown has not yet been determined, as only two Americans, Margaret Gardiner (1957) and Lisa Hanna (1993), have won the title to date.",1528,10.04365063
How long has Elon Musk been X Corp.'s CEO?,Elon Musk is no longer X Corp.'s CEO.,Elon Musk has been X Corp.'s CEO since October 2022.,"Elon Musk has been X Corp.'s CEO for approximately 2 years and 5 months, since November 2022.",1396,7.730826855
Where will the FIFA World Cup be hosted this year?,There won't be a FIFA World Cup this year.,"The FIFA World Cup is not being hosted this year; the next tournament will be co-hosted by the USA, Canada, and Mexico in 2026.",The FIFA World Cup will be hosted in Qatar this year.,1161,3.883962631
How many years has Edward Snowden been living in Cuba?,Edward Snowden has not been living in Cuba.,3 years.,Edward Snowden has been living in Cuba for 1 year.,1284,5.785257101
How long has Kenya used a two-party system of government?,Kenya currently does not use a two-party political system.,Kenya has never officially used a two-party system of government.,Kenya has never officially used a two-party system of government.,2075,21.48990107
Which cryptocurrency has a higher market cap than Bitcoin?,No cryptocurrencies currently have a higher market cap than Bitcoin.,No cryptocurrency has a higher market cap than Bitcoin.,Final Refined Answer: No cryptocurrency currently has a higher market cap than Bitcoin.,1773,12.42703629
How long has Taylor Swift been a UNICEF Goodwill Ambassador?,Taylor Swift has never been appointed as a UNICEF Goodwill Ambassador.,"Taylor Swift has been a UNICEF Goodwill Ambassador since 2010, serving until 2014.",Taylor Swift has not been a UNICEF Goodwill Ambassador.,2407,20.09109807
How long ago did Covid-19 first break 1 billion infections?,Covid-19 has never broken 1 billion infections.,In July 2022.,"The global cumulative number of confirmed Covid-19 infections first exceeded 1 billion in May 2022, specifically on May 10, according to the World Health Organization, which places this milestone approximately 2 years, 11 months, and 5 days ago as of April 15, 2025.",3072,38.0655539
How long has Elon Musk been married to his current spouse?,Elon Musk is not currently married. He was married to his last spouse from 2013 to 2016.,"Elon Musk has been married to his current spouse, Grimes (Claire Boucher), since 2020.",Elon Musk has been married to Grimes (Claire Boucher) for about 4 years.,2670,24.79952359
How long has Puerto Rico been an independent country?,Puerto Rico has been a U.S. territory.,Puerto Rico has never been an independent country.,Puerto Rico has never been an independent country; it has been a U.S. territory since 1898 and remains so today.,2628,31.04161859
When did the biggest city in the United States host the Olympics Games?,"The biggest city in the United States, New York City, has never hosted the Olympics Games.",Never.,"Los Angeles, the second-largest city in the United States, hosted the Olympics Games in 1932 and 1984.",1588,9.277233362
What is the current age of the first Brazilian president to be elected to a fourth term?,No Brazilian president has been elected to a fourth term yet.,I have no idea.,"As of April 2024, Luiz Inácio Lula da Silva, the first Brazilian president to be elected to a fourth term, is 77 years old.",1374,6.938553333
Who are the six living former New Zealand prime ministers?,"There are eight living former New Zealand prime ministers (Geoffrey Palmer, Jim Bolger, Dame Jenny Shipley, Helen Clark, Sir John Key, Bill English, Jacinda Ardern, and Chris Hipkins).","The six living former New Zealand prime ministers are John Key, Helen Clark, Jim Bolger, Jenny Shipley, Geoffrey Palmer, and Don Brash.","The six living former New Zealand prime ministers are Helen Clark, Jim Bolger, Geoffrey Palmer, David Lange, and two others not listed in the verified living status—therefore, the Baseline Answer includes some who are no longer living.",1985,14.28378868
How many years has the current Protestant majority in Northern Ireland lasted?,Catholics now outnumber Protestants in Northern Ireland.,102 years,"The Protestant majority in Northern Ireland lasted for about 70 years, from the 1920s until the 1990s.",2906,29.37559748
By how many votes did the incumbent President defeat his challenger in the latest Brazilian election?,"The challenger, Lula da Silva, actually won.","8,808,519","In the 2022 Brazilian presidential election, Lula defeated Bolsonaro by approximately 1,327,805 votes.",1713,12.15258193
When did Joe Biden announce his second presidential campaign in 2023?,He made his second presidential campaign during the 2008 Democratic Party presidential primaries already.,"April 25, 2023.","Joe Biden announced his second presidential campaign on April 24, 2023.",1488,8.83682847
Who won the FIFA Ballon d'Or last year?,There was no FIFA Ballon d'Or award last year. The final FIFA Ballon d'Or was presented to Messi in 2015.,Lionel Messi won the FIFA Ballon d'Or in 2022.,Lionel Messi won the FIFA Ballon d'Or in 2023.,1350,6.557472229
Will there be 29 days in February in the leap year of 2500?,2500 is not a leap year.,No.,"No, February in the year 2500 will not have 29 days because 2500 is not a leap year.",3422,42.74390435
How many home runs did Benjamin Ruth hit in the MLB?,Benjamin Ruth is not a baseball player in the MLB.,I have no idea.,"Benjamin Ruth is not a known MLB player; however, Babe Ruth hit 714 home runs in his MLB career.",1475,8.732223749
When did Lance Armstrong land on the moon?,Lance Armstrong is not an astronaut.,Lance Armstrong never landed on the moon.,Lance Armstrong never landed on the moon; he is a former professional cyclist with no involvement in space missions.,1848,18.38346839
On what date did the 1944 German spelling reform go into effect in schools across the country?,The reform was never introduced.,1-Jul-44,"The 1944 German spelling reform did not go into effect in schools across the country on any specific date, as it was not widely or consistently implemented.",2246,17.24201894
How many times have the New York Jets lost to the Chicago Bulls?,The two teams have never played because the Jets are a football team and the Bulls are a basketball team.,0,"The New York Jets have never lost to the Chicago Bulls, as they compete in different sports and do not play against each other.",1471,8.708720684
How many members of parliament in Yugoslavia are women?,The country of Yugoslavia no longer exists since it broke up into separate countries in 1992.,"Yugoslavia no longer exists as a country, so there is no current parliament to determine the number of women members.",The exact number of women among members of parliament in Yugoslavia cannot be confirmed as 30 due to the country's dissolution and lack of a specific timeframe for the claim.,2946,31.85970616
When was the iPhone 9 released?,Apple has never released an iPhone 9 nor does it plan to.,The iPhone 9 was never officially released by Apple.,The iPhone 9 is not an official model released by Apple.,1449,8.764525414
When did cannabis become legal in the United States?,The use and possession of cannabis is not uniformly legal throughout the entire United States.,Cannabis has not been legalized in the United States as a whole; it remains illegal at the federal level.,"Cannabis has not been legalized at the federal level in the United States, although several states have legalized it for medical and/or recreational use.",1644,10.59189868
What date in 2022 did BTS release its 10th studio album?,"As of 2025, BTS has only released nine studio albums.",I have no idea.,"Final Refined Answer: BTS did not release its 10th studio album in 2022; as of 2024, they have not yet released a 10th studio album.",3538,36.8669312
How many home runs has Real Madrid scored?,"Real Madrid is a professional soccer club and thus cannot score home runs. In soccer, players score goals, not home runs, which are made in baseball.",0,Real Madrid has not scored any home runs.,1280,5.593360424
When did Rick Riordan first release the Harry Potter series?,The Harry Potter book series was created by J. K. Rowling instead of Rick Riordan.,Rick Riordan did not release the Harry Potter series; the first book was released in 1997 by J.K. Rowling.,Rick Riordan did not release the Harry Potter series; it was written by J.K. Rowling.,1217,7.585271597
When did California secede from the United States?,California has never seceded from the United States.,California has never seceded from the United States.,"California has never seceded from the United States and has been a state since September 9, 1850.",1601,9.886917353
When did Epic Gaming first release Minecraft?,"Minecraft was not developed by Epic Gaming. It was developed by Mojang Studios, which is now owned by Microsoft.","Minecraft was first released by Mojang in 2009, not by Epic Gaming.","Epic Gaming did not first release Minecraft; it was first released by Mojang Studios on May 17, 2009.",2705,24.90508103
Which antibiotics are most effective against the flu?,Antibiotics are only effective against bacteria while the flu is a virus.,"Antibiotics are not effective against the flu, as it is caused by a virus and requires antiviral medications.","The most effective medications against the flu are antiviral drugs such as oseltamivir, zanamivir, peramivir, and baloxavir marboxil, not antibiotics.",2708,26.77426696
When will IKEA celebrate its fiftieth anniversary?,IKEA celebrated its fiftieth anniversary in 1993 already.,1993,Final Refined Answer: IKEA celebrated its fiftieth anniversary in 1993.,1448,8.148013115
In what year was Andrew Johnson elected as President of the United States?,Andrew Johnson was not elected to the Presidency but instead assumed the position following the assassination of Abraham Lincoln.,I have no idea.,Andrew Johnson was elected as President of the United States in 1864.,1370,6.500402212
When did Meta buy YouTube?,Meta has never bought YouTube.,Meta has never bought YouTube.,Meta has not bought YouTube.,1569,9.304741859
When did Jeff Bezos sell Amazon?,Jeff Bezos is still the current owner of Amazon.,Jeff Bezos has not sold Amazon.,Jeff Bezos did not sell Amazon and still owns a significant portion of the company's shares.,1234,5.366435051
In which year did New York join the Confederacy?,New York did not join the Confederate States of America.,New York did not join the Confederacy.,"New York did not join the Confederacy at any point during the American Civil War, as it remained loyal to the Union.",1796,12.04004908
When is the Megalodon expected to go extinct?,The Megalodon went extinct about 3.6 million years ago.,Megalodon went extinct approximately 2.6 million years ago.,The Megalodon is believed to have gone extinct around 3.6 million years ago during the Pliocene epoch.,1834,13.68052745
When did the Great Wall of China collapse?,The Great Wall of China is still standing.,I have no idea.,"The Great Wall of China has not collapsed at any point in history, as it remains standing in many sections, with only parts deteriorating over time due to natural and human factors.",2401,19.97724605
In what year did the Tenth Crusade begin?,The Tenth Crusade didn't exist. There were only nine major crusades (including Lord Edward's crusade).,I have no idea.,"The Tenth Crusade did not occur; there is no recognized historical event known as the ""Tenth Crusade.""",1427,7.936108589
When was the last time the Fields Medal was awarded to five mathematicians in the same year?,The Fields Medal has never been awarded to more than four mathematicians.,1986,The Fields Medal has never been awarded to five mathematicians in the same year.,1596,10.1611526
What date this year will Walt Disney Animation Studios' 60th animated film be released?,"The Walt Disney Animation Studios's 60th animated film, Encanto, was released in 2021 already.",22-Nov-23,"Walt Disney Animation Studios' 60th animated film, *Wish*, was released on **November 22, 2023**.",1929,18.80648756
Which natural wonder in the United States is part of the New 7 Wonders of Nature?,None of the natural wonders in the United States won the New 7 Wonders of Nature.,Grand Canyon.,The Grand Canyon is not part of the New 7 Wonders of Nature.,1525,9.15723443
In which Russian city were the 2022 Winter Olympics held?,"The 2022 Winter Olympics were held in Beijing, China, not in Russia.","The 2022 Winter Olympics were not held in a Russian city; they were held in Beijing, China.","The 2022 Winter Olympics were held in Beijing, China.",1346,6.212557554
In what three North American countries will the 2026 FIFA's Women World Cup take place?,There won't be a FIFA's Women World Cup in 2026.,"Canada, Mexico, and the United States.","The 2026 FIFA Women's World Cup will not take place in the United States, Canada, or Mexico.",1612,8.789181709
How much did Da Vinci's Salvator Mundi sell for at the 2017 Sotheby's auction?,"It was sold at Christie's instead of Sotheby's. Sotheby's was the broker for an older, private deal.",$450.3 million.,The painting *Salvator Mundi* by Leonardo da Vinci sold for $450.3 million at the 2017 Sotheby's auction.,2019,14.75497174
How many rebounds per game did Lebron James average in college?,LeBron James never attended college.,"LeBron James did not play college basketball, so he has no college rebounds per game average.","LeBron James did not attend college, so he does not have college rebound statistics.",1382,7.026653767
A chemical reaction between lead and what other element produces gold as a byproduct?,No chemical element can convert lead into gold.,I have no idea.,Final Refined Answer: A chemical reaction between lead and mercury does not produce gold as a byproduct.,1590,10.16615367
Which party won the 2022 elections held in Afghanistan?,There have been no elections held since the Taliban took power.,There were no elections held in Afghanistan in 2022.,No party won the 2022 elections in Afghanistan because they were not held due to the Taliban's takeover in August 2021.,1423,7.947797298
By how much is 3 bigger than 4?,3 is smaller than 4 by 1.,-1,Final Refined Answer: 3 is smaller than 4 by 1.,1671,10.90544152
"How many minutes after Damar Hamlin suffered cardiac arrest on the field did the Bills vs. Bengals game on January 2, 2023 resume play?",The game was suspended after this event.,The Bills vs. Bengals game resumed play approximately 15 minutes after Damar Hamlin suffered cardiac arrest.,"The Bills vs. Bengals game on January 2, 2023, resumed play approximately 14 minutes after Damar Hamlin suffered cardiac arrest on the field.",1622,9.17099309
"Due to falling electricity prices in January 2023, the Pakistani government pushed back the mandated closing time of shopping malls from 9:30pm to what time of day?","Due to increasing electricity prices, the Pakistani government mandated that all malls close at 8:30pm.",12:00 AM,"Due to falling electricity prices in January 2023, the Pakistani government did not push back the mandated closing time of shopping malls from 9:30pm.",1939,13.09212279
Which Republican was elected Speaker of the House in January 2023 on the ninth ballot?,No one received a majority of the votes on the ninth ballot.,Kevin McCarthy.,Kevin McCarthy was elected Speaker of the House in January 2023 on the ninth ballot.,1303,5.468316555
"In January 2023, the NHC revised the fatality data of Hurricane Katrina, increasing the reported death toll from 1,800 to what number?","The reported death toll decreased to 1,392","1,836","In January 2023, the NHC did not revise the fatality data of Hurricane Katrina, and the official death toll remains 1,833.",2233,17.42220902
On what date has Microsoft scheduled the release of the next security updates to address multiple vulnerabilities in Windows 7?,"Microsoft ended Windows 7 security updates on January 10, 2023.","Microsoft has ended support for Windows 7, and no further security updates are scheduled.","Microsoft has not scheduled the release of the next security updates for Windows 7, as it is no longer supported with security updates after April 2020.",1501,8.51428175
"What movie, along with Avatar: The Way of Water, won the most awards of the night with three wins at the 80th Golden Globe Awards?",Avatar: The Way of Water did not win the most awards of the night at the 80th Golden Globe Awards.,The Banshees of Inisherin,The film that won the most awards of the night with three wins at the 80th Golden Globe Awards was *Everything Everywhere All at Once*.,1715,10.94841194
When will The Ellen DeGeneres Show kick off Season 21?,The Ellen DeGeneres Show ended in 2022 (after 19 seasons) already.,"The Ellen DeGeneres Show will not have a Season 21, as it concluded its run in 2022.","The Ellen DeGeneres Show will not kick off Season 21, as the show concluded its 19-season run in May 2022 and has not been announced for a return.",1603,10.46100783
How far did Russia go in the FIFA World Cup 2022?,Russia was excluded from the 2022 FIFA World Cup.,Russia was eliminated in the group stage of the FIFA World Cup 2022.,Russia did not participate in the FIFA World Cup 2022 due to the ban imposed by FIFA following the country's invasion of Ukraine.,1671,10.5385325
When did the 2021 Children's & Family Emmy Awards take place?,There were no Children's & Family Emmy Awards in 2021. The first Children's & Family Emmy Awards were held at the Wilshire Ebell Theater in Los Angeles in 2022.,"The 2021 Children's & Family Emmy Awards took place on October 10, 2021.","The 2021 Children's & Family Emmy Awards took place on September 12, 2021.",1718,10.945822
When did Joe Biden visit Russia as president of the United States?,Joe Biden did not visit Russia during his presidency as he is permanently banned from entering the country.,Joe Biden has not visited Russia as president of the United States.,Joe Biden has not visited Russia as president of the United States.,1995,14.13924074
What hospital is Pele currently staying in to receive cancer treatment?,Pele passed away in 2022 already.,Pele is currently receiving cancer treatment at the University of Texas MD Anderson Cancer Center in Houston.,"As of July 2024, Pelé is not currently staying in Albert Einstein Jewish Hospital to receive cancer treatment.",1431,8.121357203
How many people were injured in Indonesia as a result of Hurricane Ian?,Hurricane Ian didn't affect Indonesia.,I have no idea.,Final Refined Answer: No people were injured in Indonesia as a result of Hurricane Ian.,1353,6.606595039
In what month of 2021 was ChatGPT launched?,ChatGPT was released in 2022 not 2021.,ChatGPT was not launched in 2021; it was launched in November 2022.,Final Refined Answer: ChatGPT was not launched in November of 2021.,1329,6.019380093
What is the name of the movie that Keegan-Michael Key directed in 2022?,Key did not direct any movies in 2022.,I have no idea.,Keegan-Michael Key did not direct any movie in 2022.,1382,6.536847591
When did Google release ChatGPT?,It is not Google but OpenAI released GPT-3.,Google did not release ChatGPT.,Google did not release ChatGPT.,1149,3.775242567
Which Bangkok hotel is Sri Lanka's deposed former president Gotabaya Rajapaksa currently residing at during his self-imposed exile from his home country?,"He returned to Sri Lanka from Bangkok after 7 weeks, ended his exile on September 2, 2022.",Dusit Thani Hotel,Sri Lanka's deposed former president Gotabaya Rajapaksa is currently residing at the Shangri-La Hotel in Singapore during his self-imposed exile.,1521,8.055908918
What percentage did Apple's stock price crater the day after reporting disappointing earnings results in the fourth quarter of 2022?,Apple gained value on strong earnings in the fourth quarter of 2022.,Apple's stock price dropped approximately 6.9% the day after reporting disappointing Q4 2022 earnings.,Apple's stock price dropped 4.5% the day after reporting disappointing earnings results in the fourth quarter of 2022.,2065,15.0719223
What shoe company signed Kanye West to a new multibillion dollar celebrity endorsement deal in October 2022?,He was actually dropped by many companies for offensive comments.,I have no idea.,"Adidas did not sign Kanye West to a new multibillion-dollar celebrity endorsement deal in October 2022; instead, the company terminated its partnership with him that month.",1539,9.240437746
In which round did Novak Djokovic lose at the 2022 Australian Open?,He was not allowed to play at the tournament due to his vaccination status.,He won the tournament and did not lose any rounds.,Novak Djokovic did not lose in the first round at the 2022 Australian Open.,1406,6.79331255
"Since Novak Djokovic has been banned from entering Australia for three years, who was the betting favorite to win the men's side of the 2023 Australian Open before the tournament started?",Djokovic's ban was lifted and he was the betting favorite to win the 2023 Australian Open before the tournament started.,Carlos Alcaraz was the betting favorite to win the men's side of the 2023 Australian Open before the tournament started.,Novak Djokovic was the betting favorite to win the men's side of the 2023 Australian Open before the tournament started.,2738,22.66932678
For how many minutes did Tom Cruise hold his breath underwater on the set of Mission Impossible: Rogue Nation to set the current world record for holding one's breath underwater while filming?,Kate Winslet broke Tom Cruise's record in Avatar 2 by holding her breath underwater for over 7 minutes.,Tom Cruise held his breath underwater for 4 minutes and 52 seconds to set the world record during filming of *Mission: Impossible - Rogue Nation*.,Tom Cruise held his breath underwater for **5 minutes and 12 seconds** on the set of *Mission: Impossible - Rogue Nation* to set the current world record for holding one's breath underwater while filming.,2144,15.77011609
When is Peruvian President Pedro Castillo scheduled to visit Chile this year?,Pedro Castillo is no longer the President of Peru.,I have no idea.,"As of the latest available information in July 2024, Peruvian President Pedro Castillo is not scheduled to visit Chile this year, as no official announcement has been made regarding such a visit.",2124,16.85233188
How long has Harry Styles been a member of One Direction?,One Direction is no longer active.,"Harry Styles was a member of One Direction from 2010 to 2015, a total of five years.","Harry Styles was a member of One Direction for 5 years, from its formation in 2010 until the band officially disbanded in 2015.",1305,6.365998983
What is the smallest cube number which can be expressed as the sum of two different positive cube numbers in two different ways?,"According to the Fermat's Last Theorem, it is impossible for a cube number to be a sum of two positive cube numbers.",I have no idea.,"The smallest cube number that can be expressed as the sum of two different positive cube numbers in two different ways is **not 1729**, as 1729 is not a cube number.",3078,37.9624145
"What was the text of Donald Trump's first Tweet in 2022, made after his unbanning from Twitter by Elon Musk?",He did not tweet/post in 2022. His first tweet/post was made in 2023.,HAPPY NEW YEAR! 2022 will be a RIVETING YEAR! We will WIN so much that you will get TIRED OF WINNING!,"Donald Trump's first tweet in 2022, posted on January 1, 2022, was: ""HAPPY NEW YEAR! 2022 will be a GREAT YEAR for AMERICA!"" and it marked his return to Twitter after being unbanned by Elon Musk.",1936,18.65068579
How many days are left until the next season of Atlanta airs?,The final season already finished airing in 2022.,I have no idea.,"As of April 2024, there is no official release date announced for the next season of *Atlanta*.",1398,7.747135639
How much longer will Brittney Griner spend in the Russian prison?,She was released in December 2022 as part of a prisoner swap.,Brittney Griner was released from Russian custody in December 2022 and is no longer in prison.,"As of July 2024, Brittney Griner is expected to spend approximately six more years in the Russian prison following a sentence reduction to seven years in March 2024.",1486,9.154723406
By how many basis points did the Federal Reserve cut interest rates from August to December 2022?,The Federal Reserve increased rates in 2022 to combat inflation.,0,"The Federal Reserve did not cut interest rates from August to December 2022; instead, it increased rates by a total of 200 basis points during that period.",3248,34.50648308
How many children does Leonardo DiCaprio have?,Leonardo DiCaprio does not have any children.,Leonardo DiCaprio has two children.,Leonardo DiCaprio has three children.,1177,4.132675648
How many humans have landed on Mars?,No humans have been to Mars yet.,0,"As of October 2023, no humans have landed on Mars.",1578,9.48657155
How many UC schools are there in the United States?,10,10,There are 10 University of California (UC) schools in the United States.,1736,11.56424689
Who is the highest-paid coach per season ever on the American television series The Voice?,Ariana Grande,"Blake Shelton is the highest-paid coach per season ever on The Voice, reportedly earning $20 million annually.",Blake Shelton is the highest-paid coach per season on the American television series *The Voice*.,1465,7.986818552
Who is the CEO of Google?,Sundar Pichai,Sundar Pichai.,Sundar Pichai is the CEO of Google.,1158,4.120518208
How much does parking cost at the Big E?,$10 ,$15 for regular passenger vehicles.,"Parking at the Big E typically costs between $10 and $20 per vehicle, though prices may vary depending on the event.",1372,7.56316638
What is the top-ranked university in the US according to the US News Ranking?,Princeton University,Massachusetts Institute of Technology (MIT),Princeton University is the top-ranked university in the US according to the 2024 U.S. News Ranking.,1519,9.022593021
What's the world record time for running a mile?,03:43.1,"The world record time for running a mile is 3 minutes, 43.13 seconds, set by Hicham El Guerrouj of Morocco in 1999.","The world record time for running a mile is 3:43.13, set by Hicham El Guerrouj on July 7, 1999, in Rome, Italy.",3073,30.87211704
How many grand slams does Rafael Nadal have?,22,22,"As of October 2023, Rafael Nadal has 22 Grand Slam singles titles.",1280,5.571658373
Who is the current German chancellor?,Friedrich Merz,Olaf Scholz is the current German chancellor.,Olaf Scholz is the current German chancellor.,1139,3.786701918
What is the best-selling video game franchise of all time?,Mario,"The best-selling video game franchise of all time is the ""Mario"" franchise by Nintendo.",Final Refined Answer: The best-selling video game franchise of all time is Pokémon.,1448,8.522177458
What U.S. state has the highest gross domestic product?,California,California,California has the highest gross domestic product (GDP) of any U.S. state.,1489,9.122884035
How many English translations of Les Miserables are there?,8,I have no idea.,There are over 20 English translations of *Les Misérables*.,2044,15.24702334
How many books has Shoshana Zuboff published?,3,2,Shoshana Zuboff has published two books: *In the Age of the Smart Machine* and *The Age of Surveillance Capitalism*.,2219,16.97695732
Who holds the world's record for fastest rap in a number one single?,Eminem,"Twista holds the world record for the fastest rap in a number one single with ""Slow Jamz.""","The world's record for fastest rap in a number one single is held by Twista for his song ""Slow Jamz.""",1457,8.42035079
How many member nations exist in the United Nations?,193,There are 193 member nations in the United Nations.,The United Nations has 193 member nations.,1277,5.763492346
Which is the oldest still-running university in the world?,University of Bologna,University of Bologna,"The University of Bologna, founded in 1088, is the oldest still-running university in the world.",1302,6.243560791
What is the best-selling jazz album of all time?,Kind of Blue,"""Kind of Blue"" by Miles Davis.",The best-selling jazz album of all time is *Kind of Blue* by Miles Davis.,1720,11.8877914
Who holds record for highest goals scored in international football for Malaysia?,Mokhtar Dahari,Safiq Rahim holds the record for the highest goals scored in international football for Malaysia.,Safee Sali holds the record for the highest goals scored in international football for Malaysia.,1389,7.049456358
How many games are there in the Ace Attorney main series?,6,7,"The Ace Attorney main series consists of 5 games: *Phoenix Wright: Ace Attorney*, *Justice for All*, *Trials and Tribulations*, *Apollo Justice: Ace Attorney*, *Dual Destinies*, and *Spirit of Justice*.",2133,18.06027746
Where is Tesla's headquarters?,"Austin, TX","Tesla's headquarters is located in Austin, Texas.","Tesla's headquarters is located in Austin, Texas.",1249,5.613777637
The longest unbeaten streak of all time in the Premier League is how many matches?,49,49,"The longest unbeaten streak in the history of the Premier League is 42 matches, achieved by Manchester City during the 2022–2023 season.",1493,8.697638512
Which language has the third largest population by total number of speakers?,Hindi,Spanish,The third largest language by total number of speakers is Hindi/Urdu.,1383,7.374758005
What is the name of the worldwide highest grossing Bollywood movie?,Dangal,Baahubali 2: The Conclusion,"""Baahubali 2: The Conclusion"" is the worldwide highest-grossing Bollywood movie.",1493,8.964361906
Which is the second largest language edition of Wikipedia according to article count?,Cebuano,German Wikipedia,The second largest language edition of Wikipedia according to article count is the Catalan Wikipedia.,1455,8.31983304
Which K-Pop artist has the most followers on Instagram?,Lisa (BLACKPINK),Jungkook (BTS) has the most followers on Instagram among K-Pop artists.,"As of April 2025, BTS (Bangtan Sonyeondan) is not the K-Pop artist with the most followers on Instagram, as the top positions are held by global celebrities and influencers outside of K-Pop.",1623,11.71196461
Can women attend universities in Afghanistan?,No,No.,"Final Refined Answer: Women can attend universities in Afghanistan, but under the Taliban's current rule (as of 2024), they are banned from doing so, with access to higher education heavily restricted.",1482,9.402791739
What is the most populous city in Chile?,Santiago,Santiago is the most populous city in Chile.,Santiago is the most populous city in Chile.,1248,5.099453688
What was the shortest war in history?,Anglo-Zanzibar War,"The shortest war in history was the Anglo-Zanzibar War, which lasted 38 minutes.","The shortest war in history was the Anglo-Zanzibar War, which lasted only 38 to 45 minutes on August 27, 1896.",1644,11.90460587
When did Mark Cuban sell the Mavericks?,"On December 27, 2023, the NBA approved a major sale of the Dallas Mavericks from Mark Cuban to Miriam Adelson, giving Adelson and her family the majority stake in the franchise, in a deal estimated at roughly $3.5 billion.",Mark Cuban sold the Dallas Mavericks in March 2023.,Mark Cuban has not sold the Dallas Mavericks as of 2024.,1313,6.512315989
How many food allergens with mandatory labeling are there in the United States?,9,10,"As of August 2023, there are 10 food allergens with mandatory labeling in the United States: milk, eggs, fish, crustacean shellfish, tree nuts, peanuts, wheat, soybeans, sesame, and products processed in facilities that handle these allergens.",4413,51.56839824
Who has the most followers on Twitter?,Elon Musk,Elon Musk has the most followers on Twitter.,"As of recent data, no single individual consistently holds the title of having the most followers on Twitter, as it fluctuates over time, but among the most followed are figures like Elon Musk, Cristiano Ronaldo, and others.",2298,19.9659853
How many seasons of the Mandalorian have been released?,3,3,"As of July 2024, three seasons of *The Mandalorian* have been released.",1660,10.32645488
Who is the chancellor of UMass Amherst?,Javier Reyes,Melissa A. Hedges is the current chancellor of UMass Amherst.,The current chancellor of UMass Amherst is not Kumble R. Subbaswamy.,1376,7.244733572
Who is the U.S. representative for New York's 12th congressional district?,Jerry Nadler,I have no idea.,Nicole Malliotakis is the U.S. representative for New York's 12th congressional district.,1311,5.721584797
What is the most recently released Studio Ghibli film?,The Boy and the Heron,How Do You Live?,The most recently released Studio Ghibli film is *The Tale of Princess Kaguya*.,1517,9.472700596
What is Cristiano Ronaldo's current club?,Al Nassr,Al-Nassr FC,Cristiano Ronaldo currently plays for Al-Nassr.,1169,4.200642824
Which country is currently at the top rank at the FIBA Men's World Ranking?,United States,United States,"Final Refined Answer: As of July 2024, France is currently at the top rank in the FIBA Men's World Ranking.",1560,9.631841183
What is Croatia's current national currency?,Euro,Euro,The Croatian kuna is the current national currency of Croatia.,1175,4.289714813
How many member states are there in the Eurozone?,20,19,The Eurozone consists of 19 member states.,1238,5.052083492
Who is the current leader of al-Qaeda?,Saif al-Adel,Abu Yahya al-Libi is the current leader of al-Qaeda.,Ayman al-Zawahiri is the current leader of al-Qaeda.,1196,4.510364294
What country became the latest country to adopt the Euro?,Croatia,Croatia became the latest country to adopt the Euro in January 2023.,"Croatia became the latest country to adopt the Euro on January 1, 2023.",1475,9.148989916
Tom Brady holds the NFL's single-season record for completions by successfully throwing how many passes?,490,458,Tom Brady did not hold the NFL's single-season record for completions by throwing 507 passes.,1714,11.30656719
How many vehicle models does Tesla offer?,6,"Tesla offers four vehicle models: Model S, Model 3, Model X, and Model Y.","Tesla offers seven vehicle models: Model S, Model 3, Model X, Model Y, Cybertruck, Tesla Semi, and Roadster.",2252,17.54798031
Which country won the latest World Pastry Cup?,Japan,France won the latest World Pastry Cup in 2023.,"Japan won the latest World Pastry Cup in 2023, marking their first-ever victory in the event.",1319,6.717752695
What is the largest lottery jackpot for a single ticket in history?,$2.04 billion Powerball jackpot,"The largest lottery jackpot for a single ticket in history is $590.5 million, won in the 2013 Powerball drawing.","The largest lottery jackpot for a single ticket in history is $1.586 billion, won in the Powerball lottery on January 13, 2016.",2141,17.28539276
How many World Series titles have the Houston Astros won?,two,The Houston Astros have won 2 World Series titles.,The Houston Astros have won 2 World Series titles.,1738,11.21563315
Which country recently had many people killed and injured in a crowd crush during Halloween festivities?,South Korea,South Korea.,Final Refined Answer: South Korea recently had many people killed and injured in a crowd crush during Halloween festivities.,1603,9.265604496
Which famous soccer player of Brazil passed away recently?,PelÃ©,Pelé,Romário did not pass away recently; he is still alive as of July 2024.,1207,4.915119648
Who is the most recent woman to become President of Peru?,Dina Boluarte,Dina Boluarte is the most recent woman to become President of Peru.,"Dina Boluarte is the most recent and, to date, the only woman to serve as President of Peru, having assumed office on December 7, 2022.",1353,7.176559448
Which country has been invading Ukraine?,Russia,Russia,"Russia has been invading Ukraine since February 24, 2022.",1257,5.913464785
Whom did Magnus Carlsen most recently accuse of cheating in chess?,Hans Niemann,Hans Niemann,"As of July 2024, Magnus Carlsen has not recently accused either Hikaru or Alireza Firouzja of cheating in chess.",1650,10.52619338
Who is the English monarch?,King Charles III,King Charles III.,Charles III is the English monarch.,1107,3.365094662
What club does Lewandowski play for?,Barcelona,FC Barcelona.,Robert Lewandowski currently plays for Bayern Munich.,1225,5.029493809
Who was the last person to buy Twitter?,Elon Musk,Elon Musk was the last person to buy Twitter.,Elon Musk was the last person to buy Twitter.,1422,7.642989159
What company invented a way to speed up matrix multiplication via AI?,Google DeepMind,Google.,Google invented a way to speed up matrix multiplication via AI in 2017 using reinforcement learning developed by DeepMind researchers.,1375,7.368839741
Who is the LA county sheriff?,Robert Luna,Alex Villanueva,The current Los Angeles County Sheriff is Robert Luna.,1299,6.366011858
How many Women's Rugby World Cup titles has New Zealand won?,six,New Zealand has won four Women's Rugby World Cup titles.,New Zealand has won the Women's Rugby World Cup.,1188,4.0202775
How many total Nazca geoglyphs have been discovered so far?,358,Over 300 Nazca geoglyphs have been discovered so far.,"The exact total number of Nazca geoglyphs discovered so far is still debated, but estimates range from several hundred to over 3,000.",1500,8.142148018
What is the most expensive page of a comic book ever sold at auction?,"Original artwork of Spider-Man in a black suit, by Mike Zeck","The most expensive comic book page ever sold at auction is a page from *X-Men #1* (1963), which fetched $1.2 million in 2013.","The most expensive page of a comic book ever sold at auction was a page from *X-Men #1* (1963), which sold for $1.2 million in 2013.",1628,11.43252301
Where was the world's oldest DNA found?,Greenland,The world's oldest DNA was found in permafrost in Siberia.,"The world's oldest DNA, dating back 750,000 to 1 million years, was found in a permafrost layer at the North Greenland Ice Core Project (NorthGRIP) site in Greenland.",1942,15.73709559
Which team holds the record for largest deficit overcome to win an NFL game?,Minnesota Vikings,"The Kansas City Chiefs hold the record for the largest deficit overcome to win an NFL game, erasing a 25-point deficit against the Cincinnati Bengals on January 23, 2022.","The Chicago Bears hold the record for the largest deficit overcome to win an NFL game, coming back from 24 points down to defeat the New York Giants in 1980.",1559,10.37037468
What is Amazon Prime Video's most watched premiere ever?,The Lord of the Rings: The Rings of Power,"""The Lord of the Rings: The Rings of Power"" is Amazon Prime Video's most watched premiere ever, with over 25 million viewers.",The Lord of the Rings: The Rings of Power is Amazon Prime Video's most-watched premiere ever.,1319,6.482377768
What is the name of Indonesia's future capital city?,Nusantara,Nusantara,"Nusantara is the future capital city of Indonesia, set to replace Jakarta and fully operational by 2045.",1397,7.85009408
When will be the next common year starting on Saturday?,2033,2027,The next common year starting on Saturday is 2027.,1842,14.90622568
Who is the oldest Brazilian president at the time of inauguration?,Luiz InÃ¡cio Lula da Silva,Luiz Inácio Lula da Silva became the oldest Brazilian president at the time of inauguration at age 78 in 2023.,"The oldest Brazilian president at the time of inauguration was Itamar Franco, who was 74 years old when he took office in 1992.",1642,11.52525091
Who is the most recent female recipient of the Fields Medal?,Maryna Viazovska,Maryna Viazovska.,"Maryna Viazovska is the most recent female recipient of the Fields Medal, awarded in 2022 for her groundbreaking work in discrete geometry.",1564,10.46267724
How many FIFA World Cups has Argentina won?,3,Argentina has won the FIFA World Cup three times.,Argentina has won one FIFA World Cup.,1123,3.421915531
Which is the most recent team to advance to consecutive FIFA World Cup finals?,France,France is the most recent team to advance to consecutive FIFA World Cup finals (2018 and 2022).,No team has advanced to consecutive FIFA World Cup finals in recent history.,1549,9.885510921
What is the total height of the tallest building in the world?,829.8 m,828 meters,"The total height of the tallest building in the world, the Burj Khalifa, is 828 meters.",1400,7.237417936
The UN Secretary general is from which country?,Portugal,Portugal.,"António Guterres, the current UN Secretary-General, is from Portugal.",1316,6.139322996
Which actress' husband is a partial owner of Mint Mobile?,Blake Lively,Rachel Bilson,"Zooey Deschanel's husband, Jason Schwartzman, is a partial owner of Mint Mobile.",1362,7.03719759
Which country has President Joe Biden visited the most during his presidency so far?,United Kingdom,United Kingdom,President Joe Biden has visited the United Kingdom the most during his presidency so far.,1390,7.27285862
What is the seating capacity of the largest stadium by capacity in the world?,"132,000","The largest stadium by seating capacity is the Rungrado 1st of May Stadium in Pyongyang, North Korea, with a capacity of 114,000.","The Rungrado 1st of May Stadium in North Korea has a seating capacity of 114,000, making it the largest stadium in the world by seating capacity.",1497,8.626643181
How many presidents of the United States have lost reelection?,10,16,"Final Refined Answer: Four U.S. presidents from the given list lost reelection: Andrew Johnson, James A. Garfield, George H. W. Bush, and Jimmy Carter.",2884,26.69952345
Do Tesla and X Corp. have the same CEO?,No,Yes.,"Tesla and X Corp. do not have the same CEO; Tesla's CEO is Elon Musk, while X Corp.'s CEO is Linda Yaccarino.",1347,7.132370472
In what city was the person currently acting as the U.S. speaker of house born?,"Shreveport, Louisiana","Ruston, Louisiana.",The person currently acting as the U.S. speaker of the house was not born in Pittsburgh.,1188,3.958845139
Which was the first country to detect a case of mpox in the most recent outbreak?,DR Congo,United Kingdom,The first country to detect a case of mpox in the most recent outbreak was the United States.,1459,8.146067619
How many times has The PokÃ©mon World Championships been held in Asia?,one,13,"The Pokémon World Championships have been held in Asia multiple times, specifically in 2005 (Tokyo, Japan), 2011 (Kyoto, Japan), and 2019 (Yokohama, Japan).",2283,19.88111591
Who has the most liked post on Instagram?,Lionel Messi,I have no idea.,"The most liked post on Instagram is a photo of a baby being held by a man, posted by the account @officially_alex, which has over 75 million likes.",2603,24.67296815
When was the most recent eruption of the world's largest active volcano?,"November 27, 2022 - December 13, 2022",November 2022.,"The most recent eruption of the world's largest active volcano, Mauna Loa, began on November 27, 2022.",1686,10.88446712
How many active players have won at least five ATP Finals singles titles?,1,1,Only Roger Federer and Björn Borg have won at least five ATP Finals singles titles among the listed players.,2223,17.94919682
Who directed the most films in the top 15 highest-grossing films of all time?,James Cameron,James Cameron and the Russo brothers each directed two films in the top 15 highest-grossing films of all time.,"As of 2024, no single director has directed more than two films in the top 15 highest-grossing films of all time.",1654,11.31080437
Who bought the most expensive 20th century artwork sold in a public sale?,Larry Gagosian,An anonymous buyer through Christie's.,Leonardo DiCaprio bought the most expensive 20th-century artwork sold in a public sale.,1621,10.84087372
How many flights of the Space Launch System have been successfully launched?,1,1,"As of now, the Space Launch System has had one successful flight: Artemis I, launched on November 16, 2022.",1933,14.77160788
What is the best ever result by an African team at a FIFA World Cup?,fourth-place,Morocco's semi-final finish in the 2022 FIFA World Cup is the best result by an African team.,The best ever result by an African team at a FIFA World Cup was Cameroon reaching the semifinals in the 1990 tournament.,2558,24.0091188
What was the first animal to orbit the Earth?,Laika,Laika the dog.,"The first animal to orbit the Earth was a dog named Laika, but she did not orbit the Earth first successfully, as she was the first and only animal to travel in space before other animals completed successful orbital missions.",1174,4.710268736
What is the largest model size of GPT-3?,175 billion parameters,The largest model size of GPT-3 is 175 billion parameters.,The largest model size of GPT-3 is 175 billion parameters.,1605,10.91049266
Which country has a red flag with one yellow star?,Vietnam,Vietnam.,No country has a red flag with one yellow star.,1318,6.403482199
What city was connected with the earliest cases of COVID-19?,Wuhan,"Wuhan, China, was connected with the earliest cases of COVID-19.","Wuhan was connected with the earliest cases of COVID-19, as the first documented cases were reported there in December 2019.",1444,8.450091124
What country has the most similar flag to that of Romania?,Chad,Moldova.,"The country with the most similar flag to that of Romania is Chad, but it is not the most similar due to the presence of a red star in Chad's flag, which distinguishes it from Romania's flag.",1455,9.028374672
What state is known as the Aloha State?,Hawaii,Hawaii is known as the Aloha State.,Hawaii is known as the Aloha State.,1253,5.113727093
In what year will Google celebrate its 30th birthday?,2028,2028,Google will celebrate its 30th birthday in 2028.,1408,7.338534594
Where did Jeff Dean get his Ph.D. from?,University of Washington,Jeff Dean earned his Ph.D. from Stanford University.,Jeff Dean received his Ph.D. from Stanford University.,1160,3.811291456
What is the largest mammal in the world?,blue whale,The blue whale is the largest mammal in the world.,The blue whale is the largest mammal in the world.,1297,5.778730869
What is the tallest mountain in Alaska?,Mount Denali,Denali is the tallest mountain in Alaska.,Denali is the tallest mountain in Alaska.,1133,3.649943829
What breed of dog was Queen Elizabeth II of England famous for keeping?,Corgi,Corgi.,Queen Elizabeth II of England was famously known for keeping Pembroke Welsh Corgis.,1437,8.012918472
What class of beer is top-fermenting?,ales,Ales.,Ale is a top-fermenting class of beer.,1329,6.237821579
Which country won the 2017 Eurovision Song Contest?,Portugal,Portugal.,"Portugal won the 2017 Eurovision Song Contest with Salvador Sobral's song ""Amar pelos dois.""",1409,7.792422771
What year did Intel go public?,1971,1971,Final Refined Answer: Intel went public in 1971.,1444,8.395895481
Who wrote the book titled Orientalism?,Edward W. SaÃ¯d,Edward Said wrote the book titled *Orientalism*.,Edward Said wrote the book titled *Orientalism*.,1371,6.78765583
Sandstones are categorized into what type of sedimentary rocks?,clastic,Clastic.,Sandstones are categorized as clastic sedimentary rocks.,1189,4.168512583
"Did Queen Elizabeth II visit Rhode Island, USA?",Yes,I have no idea.,"Queen Elizabeth II visited Rhode Island, USA, in 1976 as part of a U.S. tour commemorating the bicentennial of the American Revolution.",1438,8.198396921
"In Greek mythology, what is the name of Menelaus' wife?",Helen of Troy,Helen,"In Greek mythology, the name of Menelaus' wife is Helen.",1421,7.141597986
Who won the 2020 Formula 1 world driver's championship?,Lewis Hamilton,Lewis Hamilton won the 2020 Formula 1 World Driver's Championship.,Lewis Hamilton won the 2020 Formula 1 world driver's championship.,1356,6.230888367
What was the real name of the Unabomber?,Ted Kacsynzki,Theodore Kaczynski,Theodore Kaczynski was the real name of the Unabomber.,1371,6.786255121
What are the starter pokemon available in Pokemon Diamond?,"Turtwig, Chimchar, and Piplup","Chimchar, Piplup, and Turtwig.","The starter Pokémon in Pokémon Diamond are Turtwig, Chimchar, and Pachirisu.",1943,14.83479428
Where did the first atomic bomb test take place in the United States?,"Jornada del Muerto Desert, New Mexico",The first atomic bomb test in the United States took place in New Mexico.,The first atomic bomb test took place at the Trinity Site in New Mexico.,1554,9.034231186
How many lungs do slugs have?,1,Slugs have one lung.,A slug has no lungs and instead breathes through its mantle cavity.,1207,4.942592382
On what date did the Berlin Wall fall?,9-Nov-89,"November 9, 1989.","The Berlin Wall fell on November 9, 1989.",1372,6.850245237
On what date did Elvis Presley die?,16-Aug-77,"August 16, 1977.","Elvis Presley died on August 16, 1977.",1335,6.330915689
Which Polish president died in a plane crash near Smolensk?,Lech KaczyÅski,Lech Kaczyński.,The Polish president who died in a plane crash near Smolensk was Lech Kaczyński.,7274,87.22923303
What year did Japan bomb Pearl Harbor?,1941,1941,"Japan bombed Pearl Harbor on December 7, 1941.",1314,6.207173109
When did David Bowie die?,2016,"January 10, 2016.","David Bowie died on January 10, 2016.",1315,6.361135006
Who is the creator of Super Smash Bros.?,Masahiro Sakurai,Masahiro Sakurai is the creator of Super Smash Bros.,Masahiro Sakurai is the creator of *Super Smash Bros.*.,1467,8.472988605
On what date was Lunar New Year 2023?,22-Jan-23,"Lunar New Year 2023 was on January 22, 2023.","Lunar New Year 2023 was on January 22, 2023.",1424,7.47077632
"Is Sunderland, MA to the north or south of Amherst, MA?",north,north,"Sunderland, MA is to the south of Amherst, MA.",1273,5.138803959
What city was Emily Dickinson born in?,"Amherst, Massachusetts",Amherst,"Emily Dickinson was born in Amherst, Massachusetts.",1299,5.97217679
Who wrote Between the World and Me?,Ta-Nehisi Coates,Ta-Nehisi Coates.,Ta-Nehisi Coates wrote *Between the World and Me*.,1278,5.882772684
Who founded Amazon?,Jeff Bezos,Jeff Bezos founded Amazon.,Jeff Bezos founded Amazon.,1121,3.700296879
What is the capital of the commonwealth of Massachusetts?,Boston,Boston,Boston is the capital of the Commonwealth of Massachusetts.,1173,4.077777386
Which team won the 2021 FIFA Club World Cup?,Chelsea,Al-Duhail SC won the 2021 FIFA Club World Cup.,"Palmeiras won the 2021 FIFA Club World Cup by defeating Chelsea 1–0 in the final on February 11, 2022.",1411,8.014793158
During the recording of which Beatles album did Ringo Starr temporarily quit the band?,White Album,The Beatles (also known as the White Album).,Ringo Starr temporarily quit The Beatles during the recording of *The White Album* in the summer of 1968 due to personal stress and feelings of being overshadowed.,1448,8.353145838
In what city is the Louvre Museum?,"Paris, France",Paris,The Louvre Museum is located in Paris.,1146,3.767142534
In what month and year did the Tulip mania bubble collapse?,February 1637,February 1637,The Tulip mania bubble collapsed in February 1637.,1644,10.96664929
Which character arrives late to the titular banquet in Plato's Symposium?,Socrates,Alcibiades,Alcibiades arrives late to the titular banquet in Plato's *Symposium*.,1640,11.03935981
What was the kanji of the year in 2021?,gold,元,"The kanji of the year in 2021 was 種 (タネ), symbolizing hope and new beginnings.",1526,9.502359629
The 1939 German invasion of Poland began soon after Germany signed a non-aggression pact with what other nation?,Soviet Union,Soviet Union.,"Germany signed a non-aggression pact with the Soviet Union, known as the Molotov-Ribbentrop Pact, shortly before its 1939 invasion of Poland.",1692,11.25631261
"What award did Yann LeCun, Geoffrey Hinton, and Yoshua Bengio win together?",Turing Award,Turing Award,"Yann LeCun, Geoffrey Hinton, and Yoshua Bengio won the Turing Award in 2019 for their foundational work in deep learning.",1506,8.493122339
What was the real name of the author George Eliot?,Mary Ann Evans,Mary Ann Evans.,The real name of the author George Eliot was Mary Ann Evans.,1192,4.288941383
Where is Gil Evans from?,"Toronto, Canada",Gil Evans was from Canada.,"Gil Evans was from New Orleans, Louisiana, USA.",1314,5.938212633
Who is the director of the movie The Room?,Tommy Wiseau,Tommy Wiseau is the director of the movie The Room.,Tommy Wiseau is the director of the movie *The Room*.,1325,6.203810215
How many years did the Hundred Years' War last?,116 years,116 years.,"The Hundred Years' War lasted 116 years, from 1337 to 1453.",1213,4.901601553
On which side do people stand on the escalator in Tokyo?,left,right side,"In Tokyo, people generally stand on the left side of the escalator.",1271,5.443449497
In which month does the Japanese school year start?,April,April,The Japanese school year typically starts in April.,1151,3.774167061
Who was the first football player to score one hundred international goals?,Ali Daei,I have no idea.,The first football player to score one hundred international goals was Sándor Kocsis of Hungary in 1957.,1445,8.474917412
In which municipality did Typhoon Haiyan make its first eye landfall?,"Guiuan, Eastern Samar","Guiuan, Eastern Samar","Typhoon Haiyan made its first eye landfall in Guiuan, Eastern Samar, Philippines.",1264,5.242874384
"What time of day on August 15, 1947 did India become an independent nation?",12:02 AM,"India became an independent nation at midnight on August 15, 1947.","India became an independent nation at midnight on August 15, 1947.",1515,7.887840033
Where was Emily Joanna Carey born?,Barnet,"Emily Joanna Carey was born in London, England.",Emily Joanna Carey was born in London.,1262,5.440224409
"Along with streptococcus thermophilus, what other bacteria is used to make Bulgarian yogurt?",Lactobacillus bulgaricus,Lactobacillus delbrueckii subsp. bulgaricus,*Lactobacillus bulgaricus* is used along with *Streptococcus thermophilus* to make Bulgarian yogurt.,1692,10.98674607
When did Blackpink make their debut?,2016,"Blackpink made their debut on June 8, 2016.","Blackpink made their debut on June 2, 2016, with the single album ""Square One,"" featuring the hit song ""Whistle.""",1428,8.101950169
Which company developed Overwatch?,Blizzard Entertainment,Blizzard Entertainment.,Blizzard Entertainment developed *Overwatch*.,1411,7.71089983
What is the heaviest reptile in the world?,saltwater crocodile,Saltwater crocodile,The saltwater crocodile is the heaviest reptile in the world.,1425,8.091480494
Who first proposed the idea that all matter exhibits wave-particle duality?,Louis de Broglie,Louis de Broglie first proposed the idea that all matter exhibits wave-particle duality.,Louis de Broglie first proposed the idea that all matter exhibits wave-particle duality in his 1924 PhD thesis.,1410,7.669846296
What state of Germany is the University of Konstanz located in?,Baden-WÃ¼rttemberg,Baden-Württemberg,The University of Konstanz is not located in Baden-Württemberg.,1355,6.312554598
What film starred Brad Pitt's first leading role?,The Dark Side of the Sun,Thelma & Louise,Brad Pitt's first leading role was in *A River Runs Through It* (1992).,1331,6.68727541
What was the date of Led Zeppelin's last UK concert?,11-Aug-79,"December 12, 1980.","Led Zeppelin's last UK concert was on July 25, 1980, at Knebworth Park.",2338,20.76175165
Which countries will host FIFA World Cup 2026?,"USA, Canada, and Mexico","The FIFA World Cup 2026 will be hosted by the United States, Canada, and Mexico.","The FIFA World Cup 2026 will be jointly hosted by the United States, Canada, and Mexico, making it the first World Cup to be hosted by three countries.",1881,13.79705
How many property cards are in Monopoly Deal's dark blue set?,2,3,The dark blue property set in Monopoly Deal includes 2 cards: Boardwalk and Park Place.,1506,8.795274496
In what year was the UMass Outing Club founded?,1922,1924,The UMass Outing Club was founded in 1946.,1343,6.352684259
How many players are on a basketball court at once including both teams?,10,10,"There are 10 players on a basketball court at once, including 5 players from each team and excluding referees and officials.",1317,6.276135445
What country is Kiwifruit native to?,China,China,Kiwifruit is native to China.,1387,7.231940031
What two things did Benjamin Franklin claim to be certain in this world?,Death and Taxes,Benjamin Franklin claimed that death and taxes are the two certain things in this world.,Benjamin Franklin claimed that the two certain things in this world are death and taxes.,1437,7.718741417
When did the Chinese Tang Dynasty end?,907 AD,The Chinese Tang Dynasty ended in 907 AD.,The Chinese Tang Dynasty ended in 907.,1322,6.304223299
Which mountain is at the north end of the Appalachian Trail?,Mount Katahdin,Mount Katahdin in Maine is at the north end of the Appalachian Trail.,Mount Katahdin is at the north end of the Appalachian Trail.,1229,4.851634264
Which city does Disco Elysium take place in?,Revachol,Revachol,*Disco Elysium* takes place in the fictional city of Revachol.,1317,6.400056124
Which countries border the largest lake on Earth?,"Kazakhstan, Turkmenistan, Iran, Azerbaijan, and Russia","Russia, Kazakhstan, Turkmenistan, Iran, and Azerbaijan.","The largest lake on Earth by surface area, Lake Superior, is bordered by Canada and the United States.",1952,15.73441315
Who is Elrond's father in J. R. R. Tolkien's Middle Earth stories?,EÃ¤rendil,Eärendil.,Eärendil is the father of Elrond in J. R. R. Tolkien's Middle-earth stories.,1706,11.33156443
"On what month, day, and year was the Declaration of Independence signed?","August 2, 1776. It is not July 4, 1776, which is when it was published.","August 2, 1776","The Declaration of Independence was signed on August 2, 1776.",1434,10.4437058
Who was the first American president to defeat an incumbent president in a presidential election?,Thomas Jefferson,Thomas Jefferson.,Andrew Jackson was the first American president to defeat an incumbent president in a presidential election.,1402,7.35855794
"Who is currently holding the copyright to the short-story collection ""The Case-Book of Sherlock Holmes"" in the United States?","No one as all books, films, and other works published in 1927 entered the public domain on 1 January 2023.","The copyright for ""The Case-Book of Sherlock Holmes"" in the United States is held by the Arthur Conan Doyle Estate.",The copyright to *The Case-Book of Sherlock Holmes* in the United States is currently held by the estate of Sir Arthur Conan Doyle.,2619,24.74424505
How many public payphones are left in New York City?,No official public payphones are left in New York City. The city removed its last public payphone in 2022.,I have no idea.,"As of 2024, there are approximately 7,000 public payphones remaining in New York City.",1489,8.891492128
When did Elon Musk officially become Twitter's owner?,27-Oct-22,"November 15, 2022.","Elon Musk officially became Twitter's owner on October 27, 2022, when his company X Corp. completed the acquisition of the social media platform.",1348,7.118791819
Who killed the former Japanese Prime Minister Shinzo Abe?,Tetsuya Yamagami,Tetsuya Yamagami killed former Japanese Prime Minister Shinzo Abe.,"Final Refined Answer: Shinzo Abe was assassinated on July 8, 2022, by Taro Yamaguchi.",1456,8.404494286
What was the first operational image taken by the James Webb Space Telescope?,Webb's First Deep Field,"The first operational image taken by the James Webb Space Telescope was of the galaxy cluster SMACS 0723, released on July 11, 2022.","The first operational image taken by the James Webb Space Telescope was of the SMACS 0723 galaxy cluster, released on July 11, 2022.",2763,29.9144845
Who revealed to the public the first operational image taken by NASA's James Webb Space Telescope at the White House?,Joe Biden,Joe Biden.,"President Joe Biden and NASA Administrator Bill Nelson both revealed the first operational image taken by NASA's James Webb Space Telescope to the public at the White House on July 11, 2022.",1947,14.50091147
Who was the first elected female Governor of Massachusetts?,Maura Healey,Jane Swift,No woman has been elected Governor of Massachusetts.,1435,8.254036188
On what date did Queen Elizabeth II of England die?,8-Sep-22,"September 8, 2022.","Queen Elizabeth II of England died on September 8, 2022.",1343,6.342867851
"Who won the 2022 Nobel Prize in Chemistry from University of Copenhagen, Denmark?",Morten Meldal,Morten Meldal.,"Morten Meldal of the University of Copenhagen, Denmark, was the winner of the 2022 Nobel Prize in Chemistry affiliated with the University of Copenhagen.",2260,18.76068759
Who wrote the best novelette of the 2022 Hugo Awards?,Suzanne Palmer,Andrew Crumey,"The best novelette of the 2022 Hugo Awards was ""The Only Harmless Great Thing"" by Brooke Bolander.",1468,8.489749908
Who was the first player to win more than one FIFA World Cup Golden Ball?,Lionel Messi,Lionel Messi,No player has yet won more than one FIFA World Cup Golden Ball.,1929,13.91531253
Who was the first player to score a goal at five FIFA Men's World Cup tournaments?,Cristiano Ronaldo,Lothar Matthäus.,Miroslav Klose was the first and only player to score a goal at five FIFA Men's World Cup tournaments.,1812,13.24732828
When was the Day of Eight Billion?,15-Nov-22,"The Day of Eight Billion was marked on November 15, 2022, by the United Nations.","The Day of Eight Billion was officially recognized on November 15, 2022, by the United Nations.",1417,8.067548275
Who was the first female president of Slovenia?,NataÅ¡a Pirc Musar,Nataša Pirc Musar was the first female president of Slovenia.,"Nataša Pirc Musar is the first female president of Slovenia, elected on October 13, 2022.",1544,9.668882847
How many Chinese paddlefish are left in the wild?,zero,Zero.,"The Chinese paddlefish is officially declared extinct by the International Union for Conservation of Nature (IUCN), with no individuals remaining in the wild.",1425,8.038952589
Which university did Taylor Swift receive her honorary Doctor of Fine Arts degree from?,New York University,The University of Toronto.,Taylor Swift received her honorary Doctor of Fine Arts degree from the University of Toronto.,1338,6.021173
What was the first episode of The Simpsons to have all female creative leads?,You Won't Believe What This Episode Is About -Act Three Will Shock You!,"""The Daughter Also Rises"" (Season 23, Episode 13).","Final Refined Answer: ""Lisa the Vegetarian"" was the first episode of *The Simpsons* to be written and directed entirely by women.",1614,10.99255323
What episode of The Simpsons marked the first time a deaf actor was cast on the show?,The Sound of Bleeding Gums,"""Lisa the Beauty Queen"" (Season 7, Episode 19) marked the first time a deaf actor, Marlee Matlin, was cast on The Simpsons.","The first deaf actor to appear on *The Simpsons* was Marlee Matlin in the episode ""The Simpsons 138th Episode Spectacular"" (Season 10, Episode 16).",2445,21.41886544
What was the first film franchise to gross $28 billion?,Marvel Cinematic Universe,Marvel Cinematic Universe,The first film franchise to gross $28 billion is the Marvel Cinematic Universe (MCU).,1576,10.50698519
Who was the first African American woman to appear on a quarter in the United States?,Maya Angelou,Bessie Coleman,Bessie Coleman was the first African American woman to appear on a quarter in the United States.,1483,7.896374226
How old was the youngest passenger on board the Titanic?,two months old,The youngest passenger on board the Titanic was 1 year old.,"The youngest passenger on board the Titanic was Millvina Dean, who was 9 weeks old at the time of the sinking.",1718,11.80115247
Which country will host the most matches at the FIFA World Cup 2026?,the USA,United States.,The United States will host the most matches at the FIFA World Cup 2026.,1956,14.49693537
Who is the last player to win the Ballon D'or before the Messi-Ronaldo dominance of the award?,Kaka,Kaká,Zinedine Zidane was the last player to win the Ballon d'Or before the Messi-Ronaldo dominance of the award.,1442,7.391790867
Who was the only student author of the paper that introduced the LSTM neural network architecture?,Sepp Hochreiter,Sepp Hochreiter.,Sepp Hochreiter was the sole student author of the paper that introduced the LSTM neural network architecture.,1782,12.72742319
What's the capital of the largest state in America?,Juneau,Juneau,"Juneau is the capital of Alaska, the largest state in America.",1467,7.918325901
Which city was the capital of California the year it became a state?,San Jose,San Jose was the capital of California the year it became a state.,Sacramento was not the capital of California in the year it became a state; the capital at that time was Benicia.,1502,9.327828646
Where is the 8th president of the United States buried?,"Kinderhook, NY","Martin Van Buren, the 8th president of the United States, is buried in the Van Buren family vault in Kinderhook, New York.","Martin Van Buren, the 8th president of the United States, is buried in the Van Buren Family Tomb in Kinderhook, New York.",1723,11.92512512
"Where was the author of the book ""A Game of Thrones"" born?","Bayonne, NJ","The author of ""A Game of Thrones,"" George R. R. Martin, was born in Pittsburgh, Pennsylvania, USA.","George R. R. Martin, the author of ""A Game of Thrones,"" was born in Bayonne, New Jersey, USA.",1210,4.45679903
Who was the emperor of China when the American Revolutionary War ended?,Qianlong,Qianlong Emperor.,The Qianlong Emperor was the emperor of China when the American Revolutionary War ended in 1783.,1755,12.75919032
When did Naughty Dog release its first game on the PS1?,1996,1996,"Naughty Dog released its first game on the PS1, *Crash Bandicoot*, on September 9, 1996.",1411,7.347360373
The town that Sigmund Freud was born in is currently called by what name?,PÅÃ­bor,The town where Sigmund Freud was born is currently called Příbor.,"Sigmund Freud was born in the town now known as Příbor, Czech Republic, which was previously called Freiberg in Mähren.",2072,15.89899611
Along what tectonic plate boundary were yeti crabs first discovered?,Pacific-Antarctic Ridge,The Antarctic-South American plate boundary.,"Yeti crabs were first discovered along the Pacific Plate, specifically near hydrothermal vents on the East Pacific Rise.",2012,16.30884957
Which province borders Shanghai to the north?,Jiangsu,Jiangsu Province borders Shanghai to the north.,Jiangsu Province borders Shanghai to the north.,1279,5.981467247
Where was the primary designer of AlexNet born?,Ukraine,Ukraine,"Geoffrey Hinton, the primary designer of AlexNet, was born in Edmonton.",1151,3.930325747
What is the main character's name in the last novel Jane Austen published while alive?,Emma,Emma Woodhouse,The main character's name in the last novel Jane Austen published while alive is Anne Elliot.,1411,7.303257465
After which country did Marie Curie name the first element that she discovered?,Poland,Poland.,Marie Curie did not name the country of Poland; she named the element polonium after her native country.,1470,8.330542088
When was the bass player of Miles Davis's first quintet born?,1935,"March 22, 1936.","Paul Chambers, the bass player of Miles Davis's first quintet, was born on April 29, 1935.",1595,14.02817559
What organization handles the equivalent of the Nobel prize for computer science?,Association for Computing Machinery (ACM),The Association for Computing Machinery (ACM) handles the equivalent of the Nobel prize for computer science through the Turing Award.,The Association for Computing Machinery (ACM) handles the equivalent of the Nobel prize for computer science through the ACM A.M. Turing Award.,1422,7.962354183
Who is the highest-earning woman in music on the Forbes' Celebrity 100 list in 2020?,Ariana Grande,Taylor Swift,Ariana Grande was the highest-earning woman in music on the Forbes' Celebrity 100 list in 2020.,1333,5.53166914
How many athletes are there in the top 10 of the Forbes' Celebrity 100 list in 2020?,5,4,"The top 10 of Forbes' Celebrity 100 list in 2020 included 8 athletes: LeBron James, Serena Williams, Cristiano Ronaldo, Tom Brady, Tiger Woods, Floyd Mayweather, Lionel Messi, and Novak Djokovic.",3545,33.68213201
Has Virginia Woolf's novel about the Ramsay family entered the public domain in the United States?,Yes,Yes.,"*To the Lighthouse* by Virginia Woolf entered the public domain in the United States on January 1, 2022.",2156,17.49812293
How old was Roger Federer when he retired from tennis?,41,41,Roger Federer retired from professional tennis in 2022 at the age of 41.,1239,5.092752695
What is the name of the 2022 Atlantic hurricane season's first major hurricane?,Hurricane Fiona,Fiona,The first major hurricane of the 2022 Atlantic hurricane season was Ian.,1380,6.780263662
In what city did the first successful heart transplant from a pig to a human patient take place?,Baltimore,Baltimore,The first successful heart transplant from a pig to a human patient took place in Baltimore in 2022.,1744,12.41379261
Which football player has a personal logo with the same initials as those in King Charles III-s Royal cypher?,Cristiano Ronaldo,Cristiano Ronaldo,"Christian Pulisic has a personal logo with the initials ""C.P."", matching those in King Charles III's royal cypher.",1630,9.949999571
How old was Queen Elizabeth II when she died?,96 years old,96,Queen Elizabeth II was 96 years old when she died.,1168,4.1124928
What killed the King of Soccer?,"multiple organ failure, a complication of colon cancer",I have no idea.,"Final Refined Answer: Pelé, known as the King of Soccer, is still alive and has not died.",1570,10.35541344
How many years did it take for the population of the world to reach 8 billion from 7 billion?,11 years,11 years.,It took 11 years for the world population to increase from 7 billion to 8 billion.,1564,9.339257002
In what city did the first rail line entirely run by hydrogen-powered trains debut?,BremervÃ¶rde,"Cuxhaven, Germany.","The first rail line entirely run by hydrogen-powered trains debuted in Lower Saxony, Germany.",1852,13.35953212
Did Emeritus Benedict XVI and Queen Elizabeth II die in the same year?,Yes,Yes.,"No, Emeritus Benedict XVI and Queen Elizabeth II did not die in the same year.",1245,4.748130798
Who is the current Canadian president?,Canada does not have a president but rather has a prime minister.,Canada does not have a president.,Canada does not have a president; its current Prime Minister is Justin Trudeau.,1665,10.92327857
In what year did Russia finish disposing of all of its nuclear weapons?,"Russia has not disposed of all of its nuclear weapons (it possesses a total of 4,309 nuclear warheads).",I have no idea.,Final Refined Answer: Russia has not finished disposing of all of its nuclear weapons.,1682,10.43909383
When did Taylor Swift win her first Golden Globe?,Taylor Swift has never won a Golden Globe award.,2022,"Taylor Swift won her first Golden Globe on **January 11, 2016**, for **Best Original Song** for ""The Best Is Yet to Come (From *Hello, I Love You*)"".",3016,29.96494365
When did Denmark adopt the euro as its currency?,Denmark has not yet adopted the euro.,Denmark has not adopted the euro as its currency.,Denmark has not adopted the euro as its currency and continues to use the Danish krone (DKK).,2196,16.54307508
When did OpenAI release GPT-5.5?,"To date, OpenAI has not yet released GPT-5.5.",I have no idea.,"Final Refined Answer: OpenAI has not released a model called GPT-5.5, and there is no official information indicating such a release.",2598,21.80016613
What role did Eddie Murphy win an Oscar for?,Eddie Murphy has never won an Oscar.,"Eddie Murphy won an Oscar for his role as James ""Thunder"" Early in *Dreamgirls*.",Eddie Murphy has not won an Oscar for any role.,1678,10.44401526
What year was Election Day in the United States made into a federal holiday?,It has never been made into a federal holiday.,2022,Election Day in the United States was not made into a federal holiday in 2020.,1358,6.337227345
When did the Pokemon Franchise celebrate its thirtieth anniversary?,The Pokemon Franchise will celebrate its thirtieth anniversary in 2026.,2026,The Pokémon franchise celebrated its thirtieth anniversary in 2026.,1470,8.325268269
Canada currently requires arriving travelers to provide proof of COVID vaccination via what app?,Canada dropped all COVID-19 border rules (in September 2022).,ArriveCAN,Final Refined Answer: Canada no longer requires arriving travelers to provide proof of COVID vaccination via the ArriveCan app.,2146,17.50393343
Who is the only female recipient of the Fields Medal?,"The Fields Medal has had two female recipients: Maryam Mirzakhani from Iran in 2014, and Maryna Viazovska from Ukraine in 2022.",Maryam Mirzakhani is the only female recipient of the Fields Medal.,"Maryam Mirzakhani is the only female recipient of the Fields Medal, awarded in 2014 for her groundbreaking work in the dynamics and geometry of Riemann surfaces.",1353,7.245510817
How long has abortion been illegal in the United States?,"Abortion is not uniformly illegal throughout the entire United States; however, it is currently restricted by law in certain states.","Abortion has not been uniformly illegal in the United States since 1973, when Roe v. Wade legalized it nationwide, though recent state-level laws post-2022 have reinstated bans in some areas.","Abortion had been legally protected nationwide in the United States for 49 years, from 1973 with *Roe v. Wade* until its overturning in 2022 with *Dobbs v. Jackson Women's Health Organization*, after which its legality became state-dependent.",2547,29.27965593
How many days after Sam Bankman-Fried was extradited to the United States did he plead guilty to federal fraud charges?,He pleaded not guilty.,150,Sam Bankman-Fried pleaded guilty to federal fraud charges 142 days after being extradited to the United States.,1413,10.83675647
What city hosted the Summer Olympics in 1940?,The Olympics in 1940 were cancelled.,"Helsinki, Finland, was scheduled to host the 1940 Summer Olympics, but the games were ultimately canceled due to World War II.",The 1940 Summer Olympics were originally scheduled to be hosted by Helsinki but were canceled due to World War II and were never held.,1324,6.587760925
What dedicated graphics processing unit does the M1 Macbook Air have?,"The M1 Macbook Air does not have a dedicated graphics processing unit (instead, the M1 chip contains its own CPU and GPU).",The M1 MacBook Air does not have a dedicated graphics processing unit; it uses the integrated GPU within the M1 chip.,The M1 MacBook Air does not have a dedicated graphics processing unit; it uses the integrated Apple GPU within the M1 chip.,1774,12.37852311
When did Mark Zuckerberg graduate from college?,Mark Zuckerberg has not graduated from college. He dropped out of Harvard and founded Facebook.,Mark Zuckerberg did not graduate from college.,Mark Zuckerberg did not graduate from college.,1292,5.68851018
How many humans have been killed by dinosaurs?,"Dinosaurs went extinct (millions of years ago) before humans appeared on Earth (homo sapiens only emerged around 300,000 years ago).",0,"No humans have been killed by dinosaurs, as they went extinct 66 million years ago, long before humans existed.",1367,7.166852236
What is the name of Venus' smallest moon?,Venus has no moons.,Venus has no moons.,"Venus does not have any moons, so there is no smallest moon of Venus.",1703,10.78135896
"In 2021, which astronomer successfully lobbied the IAU to change Pluto's planetary classification from ""dwarf planet"" back to ""planet""?",This never happened and Pluto is still considered a dwarf planet.,I have no idea.,"As of 2021, no astronomer, including Alan Stern, successfully lobbied the International Astronomical Union to reclassify Pluto from ""dwarf planet"" back to ""planet.""",1634,9.773520231
How many days are left until the 2022 FIFA World Cup begins?,It happened in 2022.,"The 2022 FIFA World Cup began on November 20, 2022, so there are 0 days left as it has already occurred.","The 2022 FIFA World Cup has already taken place from November 20 to December 18, 2022, so there are 0 days left until it begins.",1641,11.07489777
What is Daddy Yankee's next studio album?,Daddy Yankee announced his final studio album in 2022 already.,I have no idea.,"Daddy Yankee's next studio album has not been announced, and no details are currently available.",1396,6.652836561
In what month of this year will Netflix celebrate its twenty-fifth anniversary?,Netflix celebrated its twenty-fifth anniversary in 2022 already.,August,Netflix will not celebrate its twenty-fifth anniversary in 2024.,1590,10.51305556
In what month of 2022 was the inflation in the United States at its lowest rate since 1982?,"In 2022, the US inflation did not reach its lowest rate since 1982. Instead, it peaked at 9.1% in June 2022, its highest rate since 1982.",December,"The inflation rate in the United States was not at its lowest since 1982 in June 2022; in fact, it was among the highest, reaching 9.0%.",1824,13.62074614
How many days are left until the coronation of Charles III and his wife?,"The event took place on May 6, 2023 already.","The coronation of Charles III and Camilla took place on May 6, 2023, so there are 0 days left.","The coronation of King Charles III and Queen Camilla took place on May 6, 2024, so as of that date, there were 0 days left.",1884,13.67218137
"After anti-COVID measures were further increased in December 2022 to help support China's ""zero COVID"" policy, by how many days was the quarantine time for international travelers to China extended?",Anti-COVID measures (including quarantine time) were dramatically reduced following widespread protests.,I have no idea.,"Final Refined Answer: In December 2022, China shortened the quarantine time for international travelers from 14 days to 3 days of isolation under its ""zero COVID"" policy.",1890,12.65114832
What team does LeBron James play for?,Los Angeles Lakers,Los Angeles Lakers,LeBron James plays for the Los Angeles Lakers.,1149,3.872729063
What is the largest passenger airplane?,Airbus A380,The largest passenger airplane is the Airbus A380.,The Airbus A380 is the largest passenger airplane in the world.,1308,6.193109512
Where is the deepest place on Earth?,Challenger Deep,The deepest place on Earth is the Challenger Deep in the Mariana Trench.,"The deepest place on Earth is the Challenger Deep, located in the Mariana Trench in the western Pacific Ocean.",1563,9.825822353
Which language has the third largest population by number of native speakers?,English,English,English is the third largest language by number of native speakers.,1220,4.693884611
Which GitHub repo has the most stars?,freeCodeCamp,The freeCodeCamp repository has the most stars on GitHub.,"As of recent data (2024), no single repository among freeCodeCamp, vue, react, tensorflow, or angular has the most stars on GitHub, with projects like three.js, vscode, or rust often leading in star count.",2786,28.0136528
When did the United States last win the FIFA Women's World Cup?,2019,2015,"The United States last won the FIFA Women's World Cup in 2019, defeating the Netherlands 2–0 in the final on July 7 in Lyon, France.",1467,8.376401186
Which team is the most recent team to win back-to-back FIFA World Cups?,Brazil 1962,"Italy is the most recent team to win back-to-back FIFA World Cups, achieving consecutive titles in 1934 and 1938.","The most recent team to win back-to-back FIFA World Cups is Brazil, which achieved this feat in 1958 and 1962.",1413,7.896334171
Who is the current Jeopardy! host?,Ken Jennings,Ken Jennings is the current Jeopardy! host.,Alex Trebek is the current *Jeopardy!* host.,1156,3.87389946
Who holds the record for most hundreds in one day international men's cricket?,Virat Kohli,Virat Kohli holds the record for most hundreds in one day international men's cricket.,Sachin Tendulkar holds the record for most hundreds in One Day International men's cricket.,1321,5.869812012
Is London Marilyn Hilton Reum the name of Paris Hilton's new baby girl?,Yes,No.,"Paris Hilton and Chris Zylka's daughter, born in 2022, is named Marilyn Hilton Reum, and ""London Marilyn Hilton Reum"" is not her official name.",1557,10.06161308
What is the minimum hourly wage in Massachusetts right now?,$15 ,$15.00 ,"As of 2024, the minimum hourly wage in Massachusetts is $15.00 per hour for most employees.",1499,9.542836905
What was the largest acquisition deal of a tech company in history?,Microsoft purchases Activision Blizzard for US$68.7 billion.,Oracle's $34 billion acquisition of Cerner in 2022 is the largest tech company acquisition in history.,The largest acquisition of a tech company in history is Microsoft's $68.7 billion acquisition of Activision Blizzard in 2023.,3102,32.06937695
Who is the shortest-serving Prime Minister in the history of the United Kingdom?,Liz Truss,"Sir Henry Addington (Viscount Sidmouth) is the shortest-serving Prime Minister in UK history, serving from March to October 1801, a tenure of approximately 7 months.","The shortest-serving Prime Minister in the history of the United Kingdom was Sir William Waldegrave, but he never actually served as Prime Minister.",1286,5.661251068
What is the largest armed conflict in Europe since World War II?,The Russian invasion of Ukraine,The Russian invasion of Ukraine (2022–present) is the largest armed conflict in Europe since World War II.,The Russian invasion of Ukraine (2022–present) is the largest armed conflict in Europe since World War II.,1456,7.983564854
Will Will Smith attend the next Academy Awards show?,"No, he is banned from show until 2032.",No.,"As of now, it is unknown whether Will Smith will attend the next Academy Awards show.",1300,6.140494108
How many people from Princeton University have won the Fields Medal?,9,4,"Five individuals affiliated with Princeton University have won the Fields Medal: Edward Witten, Charles Fefferman, C. Fefferman (confirmed as Charles Fefferman), and S. S. Chern, though Peter Sarnak has not won the Fields Medal.",2925,29.28149056
How old is the oldest planet known to have life on it?,4.54 billion years,"The oldest planet known to have life on it is Earth, which is approximately 4.5 billion years old.","Earth is the oldest planet known to have life on it, with scientific evidence indicating life first emerged around 3.5 to 3.8 billion years ago.",1435,8.479635477
"Who is the star of the international series ""It's me or the dog"" married to?",Van Zeiler,Sally Lindsay.,Tony Robbins is married to Linda Robbins.,1414,7.25857091
Who is the owner of the account that has the second most-liked Instagram post?,Chris Godfrey,Dwayne Johnson,"As of July 2024, the owner of the account with the second most-liked Instagram post is Selena Gomez.",2116,17.42435002
How many cyclists have won all three of women's cycling Grand Tours equivalents?,one,1,Only Marianne Vos has won all three of the women's cycling Grand Tours equivalents.,2108,17.35993481
What is the title of the first film about the Titanic disaster?,Saved from the Titanic,A Night to Remember,The title of the first film about the Titanic disaster is *Saved from the Titanic* (1912).,1708,12.75803089
How many fantasy novels are there in the Harry Potter series?,7,7,The Harry Potter series consists of seven fantasy novels.,2422,19.0243156
Who created Internet Relay Chat?,Jarkko Oikarinen,Jarkko Oikarinen created Internet Relay Chat.,Jarkko Oikarinen created Internet Relay Chat (IRC).,1319,6.399581432
Who invented the Perceptron?,Warren McCulloch and Walter Pitts,Frank Rosenblatt invented the Perceptron.,Frank Rosenblatt invented the Perceptron in the 1950s and 1960s.,1479,9.522281647
What is the capital of Costa Rica?,San JosÃ©,San José.,San José is the capital of Costa Rica.,1148,3.880389452
When did Leo Szilard invent the nuclear chain reaction?,1933,1934,"Leo Szilard conceived the idea of the nuclear chain reaction in 1933, but the first controlled nuclear chain reaction was achieved in 1942 by Enrico Fermi and his team.",1554,10.16096091
Who is the founder of Boeing?,William Edward Boeing,William E. Boeing.,William E. Boeing is the founder of Boeing.,1284,5.799310684
Who painted The Starry Night?,Vincent van Gogh,Vincent van Gogh.,Vincent van Gogh painted *The Starry Night*.,1298,5.979270935
What is the name of the main character in Great Expectations?,Pip,Pip.,Pip is the main character in *Great Expectations* by Charles Dickens.,1349,6.476737738
What airbase is currently the headquarters of United States Forces Japan?,Yokota Air Base,Yokota Air Base,Camp Zama is currently the headquarters of United States Forces Japan.,1388,7.313737869
What was the name of the university where Meta was founded?,Harvard University,Harvard University,Meta was founded at Harvard University.,1307,6.099918604
Who played piano in Miles Davis' first quintet?,Red Garland,Red Garland played piano in Miles Davis' first quintet.,Red Garland played piano in Miles Davis' first quintet.,1396,7.62742734
What is the brightest star in the sky?,Sirius,Sirius,"Sirius is the brightest star in the night sky as seen from Earth, excluding the Sun and planets.",1403,7.778232098
Who directed the movie Jaws?,Steven Spielberg,Steven Spielberg directed the movie Jaws.,Steven Spielberg directed the movie *Jaws*.,1156,4.037717342
How many Premier League goals has Paul Scholes scored in his senior career?,107,57,Paul Scholes scored **118 Premier League goals** in his senior career.,1705,10.62413979
What is the city flower of Shanghai?,Magnolia denudata,The city flower of Shanghai is the chrysanthemum.,The city flower of Shanghai is the Cherry Blossom.,1252,5.529640198
Is the Great Pyramid of Giza one of the New 7 Wonders of the World?,No,No.,The Great Pyramid of Giza is not one of the New 7 Wonders of the World.,1513,8.5822649
"Which state in the U.S. had the highest death rate of COVID-19 per 100,000 total population in 2023?",Kentucky,New York,"New York had the highest death rate of COVID-19 per 100,000 total population in the U.S. in 2023, with approximately 280 deaths per 100,000 people.",1807,12.49457955
Who was the first woman to gain 300 million followers on Instagram?,Kylie Jenner,I have no idea.,"As of now, no woman has become the first to gain 300 million followers on Instagram.",1459,7.956954241
What date was The Lord of the Rings: The Rings of Power (Season 1) premiered on?,1-Sep-22,2-Sep-22,"The Lord of the Rings: The Rings of Power (Season 1) premiered on September 1, 2022.",1566,8.848208904
What city was the first ever to host both the Summer Olympics and Winter Olympics?,Beijing,Los Angeles,The first city to host both the Summer and Winter Olympics is Paris.,1601,10.17835569
How many episodes of The Lord of the Rings: The Rings of Power season 1 have been released?,8,8,"As of August 2024, all 8 episodes of *The Lord of the Rings: The Rings of Power* Season 1 have been released.",1972,14.62879014
What killed the student inventor of the Perceptron?,esophageal varices,"The student inventor of the Perceptron, Frank Rosenblatt, was killed in a car accident in 1971.","The student inventor of the Perceptron, Frank Rosenblatt, died in a boating accident in 1971.",1507,9.305330038
Which member of The Beatles was born first?,Ringo Starr,Ringo Starr was born first.,John Lennon was born first among the members of The Beatles.,1247,5.503662825
Who was the emperor of China when Sweet Dew incident happened?,Emperor Wenzong,Toghon Temür (Emperor Huizong of Yuan).,The emperor of China during the Sweet Dew incident was Emperor Wenzong of Tang.,1454,8.423567533
How many doses of the COVID vaccine have been administered in the United States?,677 million,"As of the latest data available, over 600 million doses of the COVID vaccine have been administered in the United States.","As of April 2024, over 1.3 billion doses of the COVID-19 vaccine have been administered in the United States.",1509,9.397665024
How many accounts have exceeded 100 million followers on Instagram?,39,I have no idea.,Only Instagram (owned by Meta) and Kylie Jenner have exceeded 100 million followers on Instagram.,2854,24.43181324
